id;date;type;montant;description
1;2021-04-26;teal orange forecast;86459;Bedfordshire overriding
2;2021-04-26;Berkshire;70094;b
3;2021-04-25;Swaziland Canada de;36412;Midi-Pyrénées Plastic
4;2021-04-26;Champagne-Ardenne CSS Baby;64296;a hub
5;2021-04-25;set monitor;78049;Shoes
6;2021-04-25;Champagne-Ardenne uniform Bedfordshire;88996;Soft Cambridgeshire Shirt
7;2021-04-25;invoice;59252;Équateur generate Ferronnerie
8;2021-04-26;Cross-group;84212;foreground Cotton Paris
9;2021-04-25;Account deposit;7646;digital
10;2021-04-25;feed;74564;repurpose
